{"cameraMode":{"drawMode":0,"name":"Shaded","section":"Shading Mode"},"sceneLighting":true,"audioPlay":false,"sceneViewState":{"m_AlwaysRefresh":false,"showFog":true,"showSkybox":true,"showFlares":true,"showImageEffects":true,"showParticleSystems":true,"showVisualEffectGraphs":true,"m_FxEnabled":true},"in2DMode":false,"pivot":{"x":9.257662773132325,"y":22.737003326416017,"z":-45.84402084350586},"rotation":{"x":0.0029810317791998388,"y":-0.11226235330104828,"z":0.00033678821637295187,"w":0.9936743378639221},"size":68.93806457519531,"orthographic":true}